[
  {
    "cmd": "help",
    "ppl": ["Array.help([name])"]
  },
  {
    "cmd": "Max",
    "ppl": ["Returns result: Array.Max(\"ppl_array\")"]
  },
  {
    "cmd": "Min",
    "ppl": ["Returns result: Array.Min(\"ppl_array\")"]
  },
  {
    "cmd": "Sum",
    "ppl": ["Returns result: Array.Sum(\"ppl_array\")"]
  },
  {
    "cmd": "Average",
    "ppl": ["Returns result: Array.Average(\"ppl_array\")"]
  },
  {
    "cmd": "Sum2",
    "ppl": ["Array.Sum2(\"ppl_array1\")(\"ppl_array2\")(\"result_ppl_array\")"]
  },
  {
    "cmd": "Sub2",
    "ppl": ["Array.Sub2(\"ppl_array1\")(\"ppl_array2\")(\"result_ppl_array\")"]
  },
  {
    "cmd": "Mult2",
    "ppl": ["Array.Mult2(\"ppl_array1\")(\"ppl_array2\")(\"result_ppl_array\")"]
  },
  {
    "cmd": "Div2",
    "ppl": ["Array.Div2(\"ppl_array1\")(\"ppl_array2\")(\"result_ppl_array\")"]
  },
  {
    "cmd": "Sort",
    "ppl": ["Replaces source array: Array.Sort(\"ppl_array\") (\"double\"|\"string\")"]
  },
  {
    "cmd": "Reverse",
    "ppl": ["Replaces source array: Array.Reverse(\"ppl_array\")"]
  },
  {
    "cmd": "IndexOf",
    "ppl": ["Returns result: Array.IndexOf(\"ppl_array\")(value)"]
  },
  {
    "cmd": "LastIndexOf",
    "ppl": ["Returns result: Array.LastIndexOf(\"ppl_array\")(value)"]
  },
]
