[
  {
        "cmd": "help",
        "ppl": ["ArrayList.help([name])"]
  },   
  {
        "cmd": "Create",
        "ppl": ["ArrayList.Create(arrlist_name)"]
  },
  {
        "cmd": "Write",
        "ppl": ["ArrayList.Write(arrlist_name)"],
  },
  {
        "cmd": "Add",
        "ppl": ["ArrayList.Add(arrlist_name)(value)"],
  },

  {
      "cmd": "Clear",
      "ppl": ["ArrayList.Clear(arrlist_name)"], 
  },
  {
      "cmd": "Contains",
      "ppl": ["Determines whether an element is in the ArrayList, returns \"True\" or \"False\"",
              "ArrayList.Contains(arrlist name)(value)"], 
  },
  {
      "cmd": "AddArray",
      "ppl": ["ArrayList.AddArray(\"PPL array\")(arrlist name)"], 
  },
  {
      "cmd": "ToArray",
      "ppl": ["ArrayList.ToArray(arrlist_name)(getname(PPL_array))"], 
  },
  {
      "cmd": "Remove",
      "ppl": ["ArrayList.Remove(arrlist_name)(value)"], 
  },
  {
    "cmd": "Reverse",
    "ppl": ["ArrayList.Reverse(name)"], 
},
  {
      "cmd": "Insert",
      "ppl": ["ArrayList.Insert(arrlist_name)(index)(element)"], 
  },
  {
      "cmd": "IndexOf",
      "ppl": ["ArrayList.IndexOf(arrlist_name)(value)"], 
  },
  {
      "cmd": "Sort",
      "ppl": ["ArrayList.Sort(arrlist_name)"], 
  },
  {
      "cmd": "Count",
      "ppl": ["ArrayList.Count(arrlist_name)"], 
  },
  {
      "cmd": "Get",
      "ppl": ["ArrayList.Get(arrlist_name)(index)"], 
  },
  {
      "cmd": "Set",
      "ppl": ["ArrayList.Set(arrlist_name)(index)(value)"], 
  },
  {
      "cmd": "Delete",
      "ppl": ["ArrayList.Delete(name)"], 
  }
]