[
     {
        "cmd": "help",
        "ppl": ["Console.help([name])"]
     }, 
     {
       "cmd": "ForegroundColor",
       "ppl": ["Console.ForegroundColor(color)"]
     },
     {
       "cmd": "BackgroundColor",
       "ppl": ["Console.BackgroundColor(color)"]
     },
     {
       "cmd": "ForegroundPromptColor",
       "ppl": ["Console.ForegroundPromptColor(color)"]
     },
     {
       "cmd": "DefaultColors",
       "ppl": ["Console.DefaultColors()"]
     },
     {
       "cmd": "Write",
       "ppl": ["Console.Write(string)"]
     },
     {
       "cmd": "Beep",
       "ppl": ["Console.Beep(frequency)(duration)",
               "frequency - 37 to 32767 hertz",
              "duration - msec"]
     },
     {
       "cmd": "Clear",
       "ppl": ["Console.Clear()"]
     },
     {
       "cmd": "SetCursorPosition",
       "ppl": ["Console.SetCursorPosition(left column cursor position)(top row cursor position)"]
     },
     {
       "cmd": "GetCursorPosition",
       "ppl": ["Console.GetCursorPosition()",
               "Returns 'left column cursor position, top row cursor position'"]
     },
     {
      "cmd": "WindowWidth",
      "ppl": ["Console.WindowWidth([value])",
              "Returns WindowWidth"]
    },
    {
      "cmd": "WindowHeight",
      "ppl": ["Console.WindowHeight([value])",
              "Returns WindowHeight"]
    }
]
