[
     {
        "cmd": "help",
        "ppl": ["Convert.help([name])"]
     },  
     {
       "cmd": "StringToInt32Array",
       "ppl": ["String chararacters converts to int32 array created before with size = 0 and reallocated in",
               "Convert.StringToInt32Array(string_chararacters)(\"Int32 ppl_array\")"]
     },
     {
       "cmd": "StringToHexArray",
       "ppl": ["String chararacters converts to hex array created before with size = 0 and reallocated in ",
         "Convert.StringToHexArray(string_chararacters)(\"Hex ppl_array\")"]
     },
     {
      "cmd": "HexToBin",
      "ppl": ["Converts hex data string and returns bin string",  "Convert.HexToBin(string with hex value)"]
    },
    {
      "cmd": "BinToHex",
      "ppl": ["Converts bin data string and returns hex string","Convert.BinToHex(string with bin value)"]
    },
    {
      "cmd": "IntToHex",
      "ppl": ["Converts int data string and returns hex string","Convert.IntToHex(string with int value)"]
    },
    {
      "cmd": "HexToInt",
      "ppl": ["Converts hex data string and returns int string","Convert.HexToInt(string with hex value)"]
    },
    {
      "cmd": "IntToBin",
      "ppl": ["Converts int data string and returns bin string","Convert.IntToBin(string with int value)"]
    },
    {
      "cmd": "BinToInt",
      "ppl": ["Converts bin data string and returns int string","Convert.BinToInt(string with bin value)"]
    }
]
