[
  {
    "cmd": "help",
    "ppl": ["DataFrame.help([name])"]
  },
  {
    "cmd": "Init",
    "ppl": ["to add this call in first .scr file only: DataFrame.Init()]"]
  },
  {
    "cmd": "Create",
    "ppl": ["DataFrame.Create([df_name])[(number rows)(column1)(column2)(column3)…]"]
  },
  {
    "cmd": "List",
    "ppl": ["DataFrame.List()"]
  },
  {
    "cmd": "SetRow",
    "ppl": ["DataFrame.SetRow(df_name)(row index) (\"ppl_array\")"]
  },
  {
    "cmd": "SetColumn",
    "ppl": [ "DataFrame.SetColumn(df_name)(column) (\"ppl_array\")" ]
  },
  {
    "cmd": "Write",
    "ppl": ["DataFrame.Write([df_name])[(column)(column)…]"]
  },
  {
    "cmd": "Save",
    "ppl": ["DataFrame.Save(df_name)(filename.csv|.data)[(column)( column)]…"]
  },
  {
    "cmd": "ReadFile",
    "ppl": ["DataFrame.ReadFile(df_name) (filename.csv)[(column)( column)]…\r\n\tDataFrame.ReadFile(filename.data)"]
  },
  {
    "cmd": "InsertRows",
    "ppl": ["DataFrame.InsertRows(df_name)(index)[(number of rows)]"]
  },
  {
    "cmd": "AddRows",
    "ppl": ["DataFrame.AddRows([df_name])[(number of rows)]"]
  },
  {
    "cmd": "InsertColumns",
    "ppl": ["DataFrame.InsertColumns(df_name) )(specified column)(column)(column)…"]
  },
  {
    "cmd": "AddColumns",
    "ppl": ["DataFrame.AddColumns(df_name)(column1)(column2)…"]
  },
  {
    "cmd": "RemoveRows",
    "ppl": ["DataFrame.RemoveRows(df_name)(number_from)(number_to)"]
  },
  {
    "cmd": "RemoveColumns",
    "ppl": ["DataFrame.RemoveColumns(df_name)[(column1)(column2)…]"]
  },
  {
    "cmd": "ClearColumns",
    "ppl": ["DataFrame.ClearColumns(df_name)[(column1)(column2)…]"]
  },
  {
    "cmd": "SetWidthForAll",
    "ppl": ["DataFrame.SetWidthForAll([df_name])[(width)]"]
  },
  {
    "cmd": "SetTypeForAll",
    "ppl": ["DataFrame.SetWidthForAll([df_name])[(Text | Number)]"]
  },
  {
    "cmd": "Sort",
    "ppl": ["DataFrame.Sort(df_name)(ascend | descend)(column)"]
  },
  {
    "cmd": "Reverse",
    "ppl": ["DataFrame.Reverse(df_name)"]
  },
  {
    "cmd": "SelectRows",
    "ppl": ["DataFrame.SelectRows(df_name)(select_from)[(*|select_to)]"]
  },
  {
    "cmd": "UnSelectRows",
    "ppl": ["DataFrame.UnSelectRows(df_name)"]
  },
  {  
    "cmd": "GetRowsLength",
    "ppl": ["DataFrame.GetRowsLength(df_name)"]
  },
  {  
    "cmd": "GetColumnLength",
    "ppl": ["DataFrame.GetColumnLength(df_name)"]
  },
  {  
    "cmd": "GetColumnNames",
    "ppl": ["DataFrame.GetColumnNames(df_name)"]
  },
  {  
    "cmd": "AddRowData",
    "ppl": ["DataFrame.AddRowData(df_name)(\"ppl_array\")"]
  },
  {  
    "cmd": "GetRowArray",
    "ppl": ["DataFrame.GetRowArray(df_name)(index row)(\"ppl array name\")"]
  },
  {  
    "cmd": "GetSliceRowArray",
    "ppl": ["DataFrame.GetSliceRowArray(df_name)(column)(row_from)[(row_to)](\"ppl array name\")"]
  },
  {  
    "cmd": "GetColumnArray",
    "ppl": ["DataFrame.GetColumnArray(df_name)(column)(\"ppl array name\")"]
  },   
  {  
    "cmd": "GetSliceColumnArray",
    "ppl": ["DataFrame.GetSliceColumnArray(df_name)(row)(column_from)[(column_to)](\"ppl array name\")"]
  },
  {  
    "cmd": "CellName",
    "ppl": ["DataFrame.CellName(df_name)(column)(row index)(cell name)"]
  },
  {  
    "cmd": "SetCell",
    "ppl": ["DataFrame.SetCell(df_name)(column)(row index)(value) | (df_name.cell_name)(value)"]
  },
  {  
    "cmd": "GetCell",
    "ppl": ["DataFrame.GetCell (df_name)(column)(row_index) | (df_name.cell name)"]
  },  
  {  
    "cmd": "SetWidth",
    "ppl": ["DataFrame.SetWidth(df_name)(column_name)(value)"]
  },
  {  
    "cmd": "SetType",
    "ppl": ["DataFrame.SetType(df_name)(column_name)(Text | Number)"]
  },
  {  
    "cmd": "GetWidth",
    "ppl": ["DataFrame.GetWidth(df_name)(column_name)"]
  },
  {  
    "cmd": "GetType",
    "ppl": ["DataFrame.GetType(df_name)(column_name)"]
  },
  {  
    "cmd": "SetPrintEmptyRows",
    "ppl": ["DataFrame.SetPrintEmptyRows(df_name)(yes | no)"]
  },
  {  
    "cmd": "GetPrintEmptyRows",
    "ppl": ["DataFrame.GetPrintEmptyRows(df_name)"]
  },
  {  
    "cmd": "SetRowSelectedFrom",
    "ppl": ["DataFrame.SetRowSelectedFrom(df_name)(value)"]
  },
  {  
    "cmd": "GetRowSelectedFrom",
    "ppl": ["DataFrame.GetRowSelectedFrom(df_name)"]
  },
  {  
    "cmd": "SetRowSelectedTo",
    "ppl": ["DataFrame.SetRowSelectedTo(df_name)(value)"]
  },
  {  
    "cmd": "GetRowSelectedTo",
    "ppl": ["DataFrame.GetRowSelectedTo(df_name)"]
  },
  {  
    "cmd": "SetReallocIncrement",
    "ppl": ["DataFrame.SetReallocIncrement(df_name)(value)"]
  },
  {  
    "cmd": "GetReallocIncrement",
    "ppl": ["DataFrame.SetReallocIncrement(df_name)"]
  }
]
