[
     {
        "cmd": "help",
        "ppl": ["Dictionary.help([name])"]
     }, 
     {
       "cmd": "Create",
       "ppl": ["Dictionary.Create(dictionary_name)"]
     },
     {
       "cmd": "Delete",
       "ppl": ["Dictionary.Delete()"]
     },
     {
       "cmd": "Count",
       "ppl": ["Dictionary.Count(dictionary_name)"]
     },
     {
       "cmd": "Add",
       "ppl": ["Dictionary.Add(dictionary_name)(key)(value)"]
     },
     {
       "cmd": "TryAdd",
       "ppl": ["Dictionary.TryAdd()"]
     },
     {
       "cmd": "TryGetValue",
       "ppl": [
               "Dictionary.TryGetValue()"]
     },
     {
       "cmd": "TrySetValue",
       "ppl": ["Dictionary.TrySetValue()"]
     },
     {
       "cmd": "Write",
       "ppl": ["Writes dictionary names or all elements from the specified Dictionary to the standard output ",
               "Dictionary.Write([dictionary_name])"]
     },
     {
       "cmd": "Clear",
       "ppl": ["Dictionary.Clear(dictionary name)"]
     },
     {
       "cmd": "ContainsKey",
       "ppl": ["Determines whether the Dictionary contains the specified key, returns True or False",
               "Dictionary.ContainsKey(dictionary name)(key)"]
     },
     {
       "cmd": "ContainsValue",
       "ppl": ["Dictionary.ContainsValue(dictionary name)(value)"]
     },
     {
       "cmd": "Remove",
       "ppl": ["Dictionary.Remove(dictionary name)"]
     },
     {
       "cmd": "AddArray",
       "ppl": ["Dictionary.AddArray(\"PPL array\")(dictionary name)"]
     },
     {
       "cmd": "ToArray",
       "ppl": ["Dictionary.ToArray(dictionary name) (\"ppl_array\")"]
     },
     {
      "cmd": "Delete",
      "ppl": ["Dictionary.Delete()"]
    }
]
