[
     {
        "cmd": "help",
        "ppl": ["Directory.help([name])"]
     }, 
     {
       "cmd": "GetFiles",
       "ppl": ["array node_of_PPL_array [0]",
               "Directory.GetFiles(\"node_of_PPL_array\")(\"path\")"]
     },
     {
       "cmd": "GetDirectories",
       "ppl": ["array node_of_PPL_array [0]",
               "Directory.GetDirectories(\"node_of_PPL_array\")(\"path\")"]
     },
     {
       "cmd": "SetCurrentDirectory",
       "ppl": ["Directory.SetCurrentDirectory(\"path\")"]
     },
     {
       "cmd": "GetCurrentDirectory",
       "ppl": ["Directory.GetCurrentDirectory()"]
     },
     {
       "cmd": "GetParent",
       "ppl": ["Directory.GetParent(\"path\")"]
     },
     {
       "cmd": "CreateDirectory",
       "ppl": ["Directory.CreateDirectory(\"path\")"]
     },
     {
       "cmd": "Exists",
       "ppl": ["Returns True or False",
               " Directory.Exists(\"path\")"]
     },
     {
       "cmd": "Delete",
       "ppl": ["Directory.Delete(\"path\")"]
     }
]
