[
  {
    "cmd": "Distributions.help",
    "ppl": ["Distributions.help([name])"]
  },
  {
    "cmd": "Distributions.Normal",
    "ppl": ["Distributions.Normal()|(mean)(stdev)"]
  },
  {
    "cmd": "Distributions.Normal.CDF",
    "ppl": ["Distributions.Normal.CDF(mean)(stdev)(x) "]
  },
  {
    "cmd": "Distributions.Normal.Estimate",
    "ppl": ["Distributions.Normal.Estimate()"]
  },
  {
    "cmd": "Distributions.Normal.InvCDF",
    "ppl": ["Distributions.Normal.InvCDF(mean)(stdev)(x)"]
  },
  {
    "cmd": "Distributions.Normal.IsValidParameterSet",
    "ppl": ["Distributions.Normal.IsValidParameterSet()"]
  },
  {
    "cmd": "Distributions.Normal.PDF",
    "ppl": ["Distributions.Normal.PDF()"]
  },
  {
    "cmd": "Distributions.Normal.PDFLn",
    "ppl": ["Distributions.Normal.PDFLn()"]
  },
  {
    "cmd": "Distributions.Normal.Sample",
    "ppl": ["Distributions.Normal.Sample()"]
  },
  {
    "cmd": "Distributions.Normal.Samples",
    "ppl": ["Distributions.Normal.Samples()"]
  },
  {
    "cmd": "Distributions.Normal.WithMeanPrecision",
    "ppl": ["Distributions.Normal.WithMeanPrecision()"]
  },
  {
    "cmd": "Distributions.Normal.WithMeanStdDev",
    "ppl": ["Distributions.Normal.WithMeanStdDev()"]
  },
  {
    "cmd": "Distributions.Normal.WithMeanVariance",
    "ppl": ["Distributions.Normal.WithMeanVariance()"]
  },
  {
    "cmd": "Distributions.Normal.CumulativeDistribution",
    "ppl": ["Distributions.Normal.CumulativeDistribution()"]
  },
  {
    "cmd": "Distributions.Normal.Density",
    "ppl": ["Distributions.Normal.Density()"]
  },
  {
    "cmd": "Distributions.Normal.DensityLn",
    "ppl": ["Distributions.Normal.DensityLn()"]
  },
  {
    "cmd": "Distributions.Normal.Equals",
    "ppl": ["Distributions.Normal.Equals()"]
  },
  {
    "cmd": "Distributions.Normal.GetHashcode",
    "ppl": ["Distributions.Normal.GetHashcode()"]
  },
  {
    "cmd": "Distributions.Normal.GetType",
    "ppl": ["Distributions.Normal.GetType()"]
  },
  {
    "cmd": "Distributions.Normal.InverseCumulaiveDistribution",
    "ppl": ["Distributions.Normal.InverseCumulaiveDistribution()"]
  },
  {
    "cmd": "Distributions.Normal.ToString",
    "ppl": ["Distributions.Normal.ToString()"]
  },
  {
    "cmd": "Distributions.Normal.Entropy",
    "ppl": ["Distributions.Normal.Entropy()"]
  },
  {
    "cmd": "Distributions.Normal.Maximum",
    "ppl": ["Distributions.Normal.Maximum()"]
  },
  {
    "cmd": "Distributions.Normal.Mean",
    "ppl": ["Distributions.Normal.Mean()"]
  },
  {
    "cmd": "Distributions.Normal.Median",
    "ppl": ["Distributions.Normal.Median()"]
  },
  {
    "cmd": "Distributions.Normal.Minimum",
    "ppl": ["Distributions.Normal.Minimum()"]
  },
  {
    "cmd": "Distributions.Normal.Mode",
    "ppl": ["Distributions.Normal.Mode()"]
  },
  {
    "cmd": "Distributions.Normal.Precision",
    "ppl": ["Distributions.Normal.Precision()"]
  },
  {
    "cmd": "Distributions.Normal.RandomSource",
    "ppl": ["Distributions.Normal.RandomSource()"]
  },
  {
    "cmd": "Distributions.Normal.Skeness",
    "ppl": ["Distributions.Normal.Skeness()"]
  },
  {
    "cmd": "Distributions.Normal.StdDev",
    "ppl": ["Distributions.Normal.StdDev()"]
  },
  {
    "cmd": "Distributions.Normal.Variance",
    "ppl": ["Distributions.Normal.Variance()"]
  },
  {
    "cmd": "Distributions.StudentT",
    "ppl": ["Distributions.StudentT()|(location)(scale)(freedom)"]
  },
  {
    "cmd": "Distributions.StudentT.CDF",
    "ppl": ["Distributions.StudentT.CDF(location)(scale)(freedom)(x)"]
  },
  {
    "cmd": "Distributions.StudentT.InvCDF",
    "ppl": ["Distributions.StudentT.InvCDF(location)(scale)(freedom)(p)"]
  },
  {
    "cmd": "Distributions.ChiSquared",
    "ppl": ["Distributions.ChiSquared(freedom)"]
  },
  {
    "cmd": "Distributions.ChiSquared.CDF",
    "ppl": ["Distributions.ChiSquared.CDF(freedom)(x)"]
  },
  {
    "cmd": "Distributions.ChiSquared.InvCDF",
    "ppl": ["Distributions.ChiSquared.InvCDF(freedom)(p)"]
  },
  {
    "cmd": "Distributions.FisherSnedecor",
    "ppl": ["Distributions.FisherSnedecor(d1)(d2)"]
  },
  {
    "cmd": "Distributions.FisherSnedecor.CDF",
    "ppl": ["Distributions.FisherSnedecor.CDF(d1)(d2)(x)"]
  },
  {
    "cmd": "Distributions.FisherSnedecor.InvCDF",
    "ppl": ["Distributions.FisherSnedecor.InvCDF(d1)(d2)(p)"]
  }
]
