[
     {
        "cmd": "help",
        "ppl": ["Math.help([name])"]
     }, 
     {
       "cmd": "PI",
       "ppl": ["Math.PI()"]
     },
     {
       "cmd": "Max",
       "ppl": ["Math.Max(double d1)(double d2)"]
     },
     {
       "cmd": "Min",
       "ppl": ["Math.Min(double d1)(double d2)"]
     },
     {
       "cmd": "BigMul",
       "ppl": ["Math.BigMul(Int32 n1)(Int32 n2)"]
     },
     {
       "cmd": "Sqrt",
       "ppl": ["Math.Sqrt(double d1)"]
     },
     {
       "cmd": "Round",
       "ppl": ["Math.Round(double value)[(Int32 digits)]"]
     },
     {
       "cmd": "Abs",
       "ppl": ["Math.Abs(double d)"]
     },
     {
       "cmd": "Acos",
       "ppl": ["Math.Acos(double d)"]
     },
     {
       "cmd": "Asin",
       "ppl": ["Math.Asin(double d)"]
     },
     {
       "cmd": "Atan",
       "ppl": ["Math.Atan(double d)"]
     },
     {
       "cmd": "Atan2",
       "ppl": ["Math.Atan2(double d1)(double d2)"]
     },
     {
       "cmd": "Ceiling",
       "ppl": ["Math.Ceiling(double d)"]
     },
     {
       "cmd": "Cos",
       "ppl": ["Math.Cos(double d)"]
     },
     {
       "cmd": "DivRem",
       "ppl": ["Math.DivRem(Int64 n1)(Int64 n2)"]
     },
     {
       "cmd": "E",
       "ppl": ["Math.E()"]
     },
     {
       "cmd": "Exp",
       "ppl": ["Math.Exp(double value)"]
     },
     {
       "cmd": "Floor",
       "ppl": ["Math.Floor(double value)"]
     },
     {
       "cmd": "Log",
       "ppl": ["Math.Log(double value)"]
     },
     {
       "cmd": "Log10",
       "ppl": ["Math.Log10(double value)"]
     },
     {
       "cmd": "Pow",
       "ppl": ["Math.Pow(double value)(double value)"]
     },
     {
       "cmd": "Sign",
       "ppl": ["Math.Sign(double value)"]
     },
     {
       "cmd": "Sin",
       "ppl": ["Math.Sin(double value)"]
     },
     {
       "cmd": "Tan",
       "ppl": ["Math.Tan(double value)"]
     },
     {
       "cmd": "Truncate",
       "ppl": ["Math.Truncate(double value)"]
     },
     {
       "cmd": "Sinh",
       "ppl": ["Math.Sinh()"]
     },
     {
       "cmd": "Tanh",
       "ppl": ["Math.Tanh(double value)"]
     },
     {
       "cmd": "Cosh",
       "ppl": ["Math.Cosh(double value)"]
     },
]
