[
     {
        "cmd": "help",
        "ppl": ["Matrix.help([name])"]
     }, 
     {
       "cmd": "Create",
       "ppl": ["Matrix.Create(\"matrix_name\")(rows)(columns)(type)",
               "type:= double|float|decimal|bool|int|uint|long|ulong|string"]
     },
     {
       "cmd": "Get",
       "ppl": ["Matrix.Get(\"matrix_name\")(index row)(index_column)"]
     },
     {
       "cmd": "Set",
       "ppl": ["Matrix.Set(\"matrix_name\")(index row)(index_column)(value)"]
     },
     {
       "cmd": "AddArrayToRow",
       "ppl": ["Matrix.AddArrayToRow(\"matrix_name\")(row)(\"ppl_array\")"]
     },
     {
       "cmd": "AddArrayToColumn",
       "ppl": ["Matrix.AddArrayToColumn(\"matrix_name\")(column)(\"ppl_array\")"]
     },
     {
       "cmd": "Write",
       "ppl": ["Matrix.Write(\"matrix_name\")[(\"row\"|\"col\"|\"col0\")]",
             "Write not nullable data to column - \"col\"",
             "Write all data to column - \"col0\"",
             "Vector.Write(\"vector_name\")[(\"row\"|\"col\"|\"col0\")"] 
     },
     {
      "cmd": "WriteNames",
      "ppl": ["Matrix.Write()"]
    },
    {
      "cmd": "Delete",
      "ppl": ["Matrix.Delete(\"matrix_name\")"]
    },
    {
      "cmd": "DeleteAll",
      "ppl": ["Matrix.DeleteAll()"]
    },
    {
      "cmd": "Rotate",
      "ppl": ["Matrix.Rotate(\"matrix_name\")(\"cw\" | \"ccw\") "]
    },
    {
      "cmd": "Sort",
      "ppl": ["Matrix.Sort(\"matrix_name\")(column_index)(ascend | descend)"]
    }
]
