[
     {
        "cmd": "help",
        "ppl": ["Random.help([name])"]
     }, 
     {
       "cmd": "Create",
       "ppl": ["Creates Random object","Random.Create(name)[(Seed)"]
     },
     {
       "cmd": "Next",
       "ppl": ["Returns a non-negative random integer",
               "Random.Next(random_name)",
              "Returns a random integer that is within a specified range",
              "(random_name) (maxValue)" ]
     },
     {
       "cmd": "NextBytes",
       "ppl": ["Creates random numbers and writes them to the of a specified ppl_array created before with size = 0",
               "Random.NextBytes(random name)(\"ppl_array\")(quantity of random elements)"]
     },
     {
       "cmd": "NextDouble",
       "ppl": ["Returns a random floating-point number that is greater than or equal to 0.0, and less than 1.0",
               "Random.NextDouble(random name)"]
     },
     {
       "cmd": "NextInt64",
       "ppl": ["Returns a non-negative random integer",
               "Random.NextInt64(random name)",
               "Returns a non-negative random integer that is less than the specified maximum",
               "Random.NextInt64(random name)(maxValue)",
               "Returns a random integer that is within a specified range",
               "Random.NextInt64(random name)(minValue)(maxValue)"
              ]
     },
     {
       "cmd": "NextSingle",
       "ppl": ["Returns a random floating-point number that is greater than or equal to 0.0, and less than 1.0",
               "Random.NextSingle(random name)"]
     },
]
