[
     {
        "cmd": "help",
        "ppl": ["Random.help([name])"]
     }, 
     {
       "cmd": "Create",
       "ppl": ["Creates Random object","Random.Create(random_name)(type)(from)(to)\t\r\ntype: = int | real"]
     },
     {
       "cmd": "Next",
       "ppl": ["Returns a  random integer",
               "Random.Next(random_name)"]             
     },
     {
       "cmd": "NextToArray",
       "ppl": ["Creates random numbers and writes them to the of a specified ppl_array created before with size = 0",
               "Random.NextToArray(random name)(\"ppl_array\")(quantity of random elements)"]
     },
     {
       "cmd": "Delete",
       "ppl": ["Deletes created random_name or all random_names",
               "Random.Delete(random name) | Random.Delete()"]
     },
     {
       "cmd": "NextWrite",
       "ppl": ["Writes random names",
               "Random.Write()"]
     }
]
