[
     {
        "cmd": "help",
        "ppl": ["Stack.help([name])"]
     },  
     {
       "cmd": "Create",
       "ppl": ["Stack.Create(stack_name)"]
     },
     {
       "cmd": "Write",
       "ppl": ["Writes stack names or all elements from the specified stack to the standard output stream",
               "Stack.Write([stack_name])"]
     },
     {
       "cmd": "Push",
       "ppl": ["Stack.Push(stack_name)(string)"]
     },
     {
       "cmd": "Pop",
       "ppl": ["Stack.Pop(stack_name)"]
     },
     {
       "cmd": "Peek",
       "ppl": ["Stack.Peek(stack_name)"]
     },
     {
       "cmd": "Clear",
       "ppl": ["Stack.Clear(stack_name)"]
     },
     {
       "cmd": "Delete",
       "ppl": ["Stack.Delete()"]
     },
     {
       "cmd": "Contains",
       "ppl": ["Determines whether an element is in the Stack, returns \"True\" or \"False\"",
               "Stack.Contains(stack_name)(string)"]
     },
     {
       "cmd": "AddArray",
       "ppl": ["Stack.AddArray((\"PPL array\")(stack_name)"]
     },
     {
       "cmd": "ToArray",
       "ppl": ["Writes all elements from Stack  to the PPL array created before with size = 0",
              "array ppl_array[0]",
               "Stack.ToArray(stack_name)(\"PPL array\")"]
     },
     {
       "cmd": "Count",
       "ppl": ["Stack.Count(stack_name)"]
     }
]
