[
     {
        "cmd": "help",
        "ppl": ["String.help([name])"]
     }, 
     {
       "cmd": "Concat",
       "ppl": ["String.Concat(stringA)(stringB)..."]
     },
     {
       "cmd": "Compare",
       "ppl": ["String.Compare(stringA)(stringB)"]
     },
     {
       "cmd": "Contains",
       "ppl": ["String.Contains(string)(specified substring)"]
     },
     {
       "cmd": "Format",
       "ppl": ["String.Format(format)(string1)(string2)..."]
     },
     {
       "cmd": "IndexOf",
       "ppl": ["Reports the zero-based index of the first occurrence of the specified string in this instance.",
         "String.IndexOf(string)(value)(startindex)[(count)]"]
     },
     {
      "cmd": "LastIndexOf",
      "ppl": ["Reports the zero-based index of the last occurrence of the specified string in this instance.",
        "String.LastIndexOf(string)(value)(startindex)[(count)]"]
    },
     {
       "cmd": "Insert",
       "ppl": ["String.Insert(string)(start index)(string to insert)"]
     },
     {
       "cmd": "Remove",
       "ppl": ["String.Remove(string)(start index)(number of deleted symbols)"]
     },
     {
       "cmd": "Replace",
       "ppl": ["String.Replace(string)(old value)(new value)"]
     },
     {
       "cmd": "DeleteEndOfLine",
       "ppl": ["Returns string from File.ReadAllText without EndOfLine",
               "String.DeleteEndOfLine(string)"]
     },
     {
       "cmd": "Split",
       "ppl": ["String.Split(String.Split(string)(\"ppl_array_separators\")( getname(ppl_array_result))   or)",
               "String.Split(string)(\"var_separator\")(getname(ppl_array_result))",
               "Use   comma instead of ','",
               "      space instead of ' '",
               "      tab instead of \"\t\""  ]
     },
     {
       "cmd": "SplitCsv",
       "ppl": ["array ppl_array_result[0];",
               "String.SplitCsv(string)(\"var_separator\")(\"ppl_array_result\")",
               "Use   comma instead of ','",
               "      space instead of ' '",
               "      tab instead of \"\t\""
      ]
     },
     {
       "cmd": "StartsWith",
       "ppl": ["String.StartsWith(string)( value)",
               "Returns True|False"]
     },
     {
       "cmd": "Substring",
       "ppl": ["String.Substring(string)(startIndex)[(length)]"]
     },
     {
       "cmd": "Char",
       "ppl": ["String.Char(string)(index)"]
     },
     {
       "cmd": "ToCharArray",
       "ppl": ["String.ToCharArray(string)(node_of PPL_chars_array)"]
     },
     {
       "cmd": "ToLower",
       "ppl": ["String.ToLower(string)"]
     },
     {
       "cmd": "ToUpper",
       "ppl": ["String.ToUpper(string)"]
     },
     {
       "cmd": "Trim",
       "ppl": ["String.Trim(string)[(trim chars string)]"]
     }
]
