[
     {
        "cmd": "help",
        "ppl": ["Vector.help([name])"]
     },   
     {
       "cmd": "Create",
       "ppl": ["Vector.Create(\"vector_name\")(length)(type)",
               "type:= double|float|decimal|bool|int|uint|long|ulong|string"]
     },
     {
      "cmd": "Get",
      "ppl": ["Vector.Get(vector_name)(index)"]
    },
     {
       "cmd": "Set",
       "ppl": ["Vector.Set(vector_name)(index)(value)"]
     },
     {
       "cmd": "Add",
       "ppl": ["Vector.Add(\"vector_name\")( \"ppl_array\")"]
     },
     {
       "cmd": "Write",
       "ppl": ["Write to line - \"row\"",
               "Write not nullable data to column - \"col\"",
               "Write all data to column - \"col0\"",
               "Vector.Write(\"vector_name\")[(\"row\"|\"col\"|\"col0\")"]
     },
     {
       "cmd": "WriteNames",
       "ppl": ["Vector.WriteNames()"]
     },
     {
      "cmd": "Delete",
      "ppl": ["Vector.Delete(\"vector_name\")"]
    },
    {
      "cmd": "DeleteAll",
      "ppl": ["Vector.DeleteAll()"]
    },
    {
      "cmd": "Sort",
      "ppl": ["Vector.Sort(\"vector_name\")(ascend | descend)"]
    }
]
