[
     {
        "cmd": "help",
        "ppl": ["File.help([name])"]
     }, 
     {
       "cmd": "ReadAllText",
       "ppl": ["Returns all contents of text file",
               "File.ReadAllText(filename)"]
     },
     {
       "cmd": "WriteAllText",
       "ppl": ["Creates a new file, write the contents to the file, and then closes the file",
               "File.WriteAllText(filename)"]
     },
     {
       "cmd": "ReadAllLines",
       "ppl": ["Returns string array with lines of text file",
               "File.ReadAllLines(filename)(\"ppl_array\")"]
     },
     {
       "cmd": "WriteAllLines",
       "ppl": ["Creates a new file, writes one or more strings to the file, and then closes the file",
               "File.WriteAllLines(\"ppl_array\")(filename)"]
     },
     {
       "cmd": "Exists",
       "ppl": ["Determines whether the specified file exists, returns True or False",
               "File.Exists(filename)"]
     },
     {
       "cmd": "Delete",
       "ppl": ["Deletes the specified file","File.Delete(filename)"]
     },
]
